{
    "feedbacks": [
      {
        "id": 1,
        "name": "John Doe",
        "email": "john@example.com",
        "message": "Great app!",
        "createdAt": "2023-07-20T12:34:56"
      },
      {
        "id": 2,
        "name": "Jane Smith",
        "email": "jane@example.com",
        "message": "Awesome work!",
        "createdAt": "2023-07-20T13:45:23"
      },
      {
        "id": 3,
        "name": "Bob Johnson",
        "email": "bob@example.com",
        "message": "Keep it up!",
        "createdAt": "2023-07-20T15:10:09"
      }
    ]
  }
  